name;author;price;referenceToFragment;link
Кельтские мифы;Миранда Олдхаус-Грин;399;https://www.mann-ivanov-ferber.ru/assets/media/files-2/keltskie-mify/keltskie-mify.mp3;https://www.mann-ivanov-ferber.ru/books/keltskie-mify/
Чувство любви;Сью Джонсон;399;https://www.mann-ivanov-ferber.ru/assets/media/files-2/chuvstvo-lyubvi/chuvstvo-lyubvi.mp3;https://www.mann-ivanov-ferber.ru/books/chuvstvo-lyubvi/
Нет ничего невозможного;Килиан Жорнет;399;https://www.mann-ivanov-ferber.ru/assets/media/files-2/net-nichego-nevozmozhnogo/net-nichego-nevozmozhnogo.mp3;https://www.mann-ivanov-ferber.ru/books/net-nichego-nevozmozhnogo/
Как перестать учить иностранный язык и начать на нем жить;Анастасия Иванова;324;not defined;https://www.mann-ivanov-ferber.ru/books/kak-perestat-uchit-inostrannyj-yazyk/
Вся правда обо мне;Эмбер Рэй;399;not defined;https://www.mann-ivanov-ferber.ru/books/vsya-pravda-obo-mne/
Просто космос;Катерина Ленгольд;399;https://www.mann-ivanov-ferber.ru/assets/files/bookparts-new2/prosto-kosmos/prosto-kosmos-audio.mp3;https://www.mann-ivanov-ferber.ru/books/prosto-kosmos/
Биохакинг мозга;Дэйв Эспри;399;not defined;https://www.mann-ivanov-ferber.ru/books/bioxaking-mozga/
Принципы;Рэй Далио;324;https://www.mann-ivanov-ferber.ru/assets/files/bookparts-new2/princzipyi/princzipyi-audio.mp3;https://www.mann-ivanov-ferber.ru/books/princzipyi/
Тракторенок, который хочет уснуть;Карл-Йохан Форссен Эрлин;279;not defined;https://www.mann-ivanov-ferber.ru/books/traktorenok-kotoryij-xochet-usnut/
Никогда-нибудь;Елена Резанова;399;https://www.mann-ivanov-ferber.ru/assets/files/bookparts-new2/nikogda-nibud/03nikogda-nibud.mp3;https://www.mann-ivanov-ferber.ru/books/nikogda-nibud/
Ген директора;Владимир Моженков;399;https://www.mann-ivanov-ferber.ru/assets/files/bookparts-new/gen-direktora/04-gen-direktora.mp3;https://www.mann-ivanov-ferber.ru/books/gen-direktora/
Nudge;Ричард Талер;399;https://www.mann-ivanov-ferber.ru/assets/files/bookparts-new2/nudge/nudge-audio.mp3;https://www.mann-ivanov-ferber.ru/books/nudge/
Паша и папа;Сюзанна Вебер;319;https://www.mann-ivanov-ferber.ru/assets/files/bookparts-new2/pasha_i_papa/03pasha_i_papa.mp3;https://www.mann-ivanov-ferber.ru/books/children/2017/pasha_i_papa/
Гибкое сознание;Кэрол Дуэк;399;https://www.mann-ivanov-ferber.ru/assets/files/bookparts/mindset/Gibkoe_soznanie.mp3;https://www.mann-ivanov-ferber.ru/books/mif/mindset/
Джедайские техники;Максим Дорофеев;399;https://www.mann-ivanov-ferber.ru/assets/files/bookparts-new/dzhedajskie-texniki/Dzhedajskie_tehniki.mp3;https://www.mann-ivanov-ferber.ru/books/dzhedajskie-texniki/
Давно пора!;Барбара Шер;239;https://www.mann-ivanov-ferber.ru/assets/files/bookparts-new2/davno-pora/08davno-pora.mp3;https://www.mann-ivanov-ferber.ru/books/davno-pora/
Слоненок, который хочет уснуть;Карл-Йохан Форссен Эрлин;279;not defined;https://www.mann-ivanov-ferber.ru/books/slonenok-kotoryij-xochet-usnut/
45 татуировок продавана;Максим Батырев (Комбат);399;https://www.mann-ivanov-ferber.ru/assets/files/bookparts-new/tatuirovki-prodavana/45_tatoo_prodavana.mp3;https://www.mann-ivanov-ferber.ru/books/tatuirovki-prodavana/
Гормоны счастья;Лоретта Грациано Бройнинг;399;https://www.mann-ivanov-ferber.ru/assets/files/bookparts-new/gormony-schastya/gormony-schasty.mp3;https://www.mann-ivanov-ferber.ru/books/gormony-schastya/
Как хочет женщина;Эмили Нагоски;399;not defined;https://www.mann-ivanov-ferber.ru/books/kak-hochet-zhenshina/
100 способов изменить жизнь;Лариса Парфентьева;399;https://www.mann-ivanov-ferber.ru/assets/files/bookparts-new/100-sposobov-izmenit-zhizn/100_sposobov_izmenit_zhizn.mp3;https://www.mann-ivanov-ferber.ru/books/100-sposobov-izmenit-zhizn/
Магия утра;Хэл Элрод;324;https://www.mann-ivanov-ferber.ru/assets/files/bookparts-new/magiya-utra/Magiya-utra.mp3;https://www.mann-ivanov-ferber.ru/books/magiya-utra/
На пределе;Эрик Бертран Ларссен;399;https://www.mann-ivanov-ferber.ru/assets/files/bookparts-new/na-predele/na-predele.mp3;https://www.mann-ivanov-ferber.ru/books/na-predele/
Как привести дела в порядок;Дэвид Аллен;399;not defined;https://www.mann-ivanov-ferber.ru/books/mif/gettingthingsdone/
Открывая организации будущего;Фредерик Лалу;399;https://www.mann-ivanov-ferber.ru/assets/files/bookparts-new/otkryivaya-organizaczii-budushhego/Otkrivaya_organizacii_budushego.mp3;https://www.mann-ivanov-ferber.ru/books/novyj-vzglyad-na-organizacii/
Scrum;Джефф Сазерленд;399;https://www.mann-ivanov-ferber.ru/assets/files/bookparts/scrum/Scrum.mp3;https://www.mann-ivanov-ferber.ru/books/scrum/
Не работайте с м*даками;Роберт Саттон;399;https://www.mann-ivanov-ferber.ru/assets/files/bookparts-new2/rabota_bez_vreditelej/rabota_bez_vreditelej_01of9.mp3;https://www.mann-ivanov-ferber.ru/books/rabota_bez_vreditelej/
БУДЬ лучшей версией себя;Дэн Вальдшмидт;359;https://www.mann-ivanov-ferber.ru/assets/files/bookparts/preodolevaya_sebya/preodolevaya-sebya.mp3;https://www.mann-ivanov-ferber.ru/books/preodolevaya_sebya/
Эссенциализм;Грег МакКеон;399;https://www.mann-ivanov-ferber.ru/assets/files/bookparts-new2/hozyain_svoej_zhizni/hozyain-svoej-zhizni_06of21.mp3;https://www.mann-ivanov-ferber.ru/books/hozyain_svoej_zhizni/
Еда и мозг;Дэвид Перлмуттер;399;not defined;https://www.mann-ivanov-ferber.ru/books/eda_i_mozg/
Осознанность;Марк Уильямс;399;https://www.mann-ivanov-ferber.ru/assets/files/bookparts-new2/osoznannost/osoznannost_audio.mp3;https://www.mann-ivanov-ferber.ru/books/osoznannost/
Номер 1. Как стать лучшим в том, что ты делаешь;Игорь Манн;359;https://www.mann-ivanov-ferber.ru/assets/files/bookparts/nomer_odin/Nomer_1.mp3;https://www.mann-ivanov-ferber.ru/books/nomer_odin/
Китайское исследование;Колин Кэмпбелл;399;https://www.mann-ivanov-ferber.ru/assets/files/bookparts-new2/the-china-study/the-china-study_2of20.mp3;https://www.mann-ivanov-ferber.ru/books/healthy_eating/the-china-study/
45 татуировок менеджера;Максим Батырев (Комбат);359;https://www.mann-ivanov-ferber.ru/assets/files/audiobooks/tattoos/01_%D0%A1%D0%BD%D0%B0%D1%87%D0%B0%D0%BB%D0%B0%20%D0%BD%D0%B0%D1%83%D1%87%D0%B8%D1%82%D0%B5%D1%81%D1%8C%20%D0%B8%D0%B3%D1%80%D0%B0%D1%82%D1%8C%20%D0%BF%D0%BE%20%D0%BF%D1%80%D0%B0%D0%B2%D0%B8%D0%BB%D0%B0%D0%BC,%20%D0%BF%D0%BE%D1%82%D0%BE%D0%BC%20%D0%BF%D1%80%D0%B8%D0%B4%D1%83%D0%BC%D1%8B%D0%B2%D0%B0%D0%B9%D1%82%D0%B5%20%D1%81%D0%B2%D0%BE%D0%B8.mp3;https://www.mann-ivanov-ferber.ru/books/paperbook/tattoos/
Как люди думают;Дмитрий Чернышев;240;https://www.mann-ivanov-ferber.ru/assets/files/audiobooks/think_mp3/01.mp3;https://www.mann-ivanov-ferber.ru/books/paperbook/think/
Мастер звонка;Евгений Жигилий;399;https://www.mann-ivanov-ferber.ru/assets/files/bookparts-new2/master-zvonka/call-07.mp3;https://www.mann-ivanov-ferber.ru/books/paperbook/call/
Выйди из зоны комфорта. Измени свою жизнь;Брайан Трейси;319;https://www.mann-ivanov-ferber.ru/assets/files/bookparts/eat_that_frog_mp3/00_Vvedenie.mp3;https://www.mann-ivanov-ferber.ru/books/paperbook/eat_that_frog/
Великие по собственному выбору;Джим Коллинз;456;https://www.mann-ivanov-ferber.ru/assets/files/audiobooks/great-by-choice_mp3/1.mp3;https://www.mann-ivanov-ferber.ru/books/paperbook/great-choice/
Эмоциональный интеллект;Дэниел Гоулман;399;https://www.mann-ivanov-ferber.ru/assets/files/bookparts/working-with-emotional-intelligence/Emocionalnij%20intellekt.mp3;https://www.mann-ivanov-ferber.ru/books/psychologies/emotional-intelligence/
Сила воли;Келли Макгонигал;399;https://www.mann-ivanov-ferber.ru/assets/files/audiobooks/thewillpowerinstinct_mp3/01_Predislovie.mp3;https://www.mann-ivanov-ferber.ru/books/mif/thewillpowerinstinct/
Зоки и Бада;Ирина и Леонид Тюхтяевы;280;https://www.mann-ivanov-ferber.ru/assets/images/content/books/audio/zoki_i_bada/1.%20%D0%92%D1%81%D1%82%D1%83%D0%BF%D0%BB%D0%B5%D0%BD%D0%B8%D0%B5.mp3;https://www.mann-ivanov-ferber.ru/books/children/zoki-i-bada/
Сам себе МВА;Джош Кауфман;399;https://www.mann-ivanov-ferber.ru/assets/files/bookparts-new2/personal-mba/personal-mba-audio.mp3;https://www.mann-ivanov-ferber.ru/books/mif/personal-mba/
Доставляя счастье;Тони Шей;399;https://www.mann-ivanov-ferber.ru/assets/files/bookparts-new2/deliveringhappiness/deliveringhappiness-1_audio.mp3;https://www.mann-ivanov-ferber.ru/books/paperbook/deliveringhappiness/
Фиолетовая корова;Сет Годин;359;https://www.mann-ivanov-ferber.ru/assets/files/bookparts/007a/%D0%BA%D0%BE%D1%80%D0%BE%D0%B2%D0%B0.mp3;https://www.mann-ivanov-ferber.ru/books/mif/purplecow/
Deadline;Том ДеМарко;360;https://www.mann-ivanov-ferber.ru/assets/images/content/books/audio/Deadline_mp3/Deadline.%20%D0%9F%D1%80%D0%B5%D0%B4%D0%B8%D1%81%D0%BB%D0%BE%D0%B2%D0%B8%D0%B5.mp3;https://www.mann-ivanov-ferber.ru/books/biznesroman/deadline1/
Тайм-драйв;Глеб Архангельский;280;https://www.mann-ivanov-ferber.ru/assets/files/bookparts/001a/00_00.mp3;https://www.mann-ivanov-ferber.ru/books/tajm-drajv/
От хорошего к великому;Джим Коллинз;456;https://www.mann-ivanov-ferber.ru/assets/files/audiobooks/gtga/gtga-predislovie.mp3;https://www.mann-ivanov-ferber.ru/books/sse/good-great/
Камасутра для оратора;Радислав Гандапас;400;https://www.mann-ivanov-ferber.ru/assets/files/bookparts/050/Kamasutra_dlya_oratora.mp3;https://www.mann-ivanov-ferber.ru/books/mif/050/
Жизнь на полной мощности!;Джим Лоэр;399;https://www.mann-ivanov-ferber.ru/assets/files/bookparts/pfem/Zhizn_na_polnoj_moshnosti.mp3;https://www.mann-ivanov-ferber.ru/books/mif/pfem/
Маркетинг на 100%: ремикс;Игорь Манн;360;https://www.mann-ivanov-ferber.ru/assets/images/content/books/audio/002_mp3/01.mp3;https://www.mann-ivanov-ferber.ru/books/mif/002/
Безграничный разум;Джо Боулер;399;https://www.mann-ivanov-ferber.ru/assets/media/files-2/bezgranichnyij-razum/bezgranichnyij-razum.mp3;https://www.mann-ivanov-ferber.ru/books/bezgranichnyij-razum/
С меня хватит!;Ими Ло;399;https://www.mann-ivanov-ferber.ru/assets/media/files-2/s-menya-xvatit/s-menya-xvatit.mp3;https://www.mann-ivanov-ferber.ru/books/s-menya-xvatit/
Быть собой;Руби Уэкс;399;https://www.mann-ivanov-ferber.ru/assets/media/files-2/byit-soboj/byit-soboj.mp3;https://www.mann-ivanov-ferber.ru/books/byit-soboj/
О чем мы молчим с моей матерью;Мишель Филгейт;324;https://www.mann-ivanov-ferber.ru/assets/media/files-2/o-chem-myi-molchim-s-moej-materyu/o-chem-myi-molchim-s-moej-materyu.mp3;https://www.mann-ivanov-ferber.ru/books/o-chem-myi-molchim-s-moej-materyu/
Мода и гении;Ольга Хорошилова;324;https://www.mann-ivanov-ferber.ru/assets/media/files-2/moda-i-genii/005-moda-i-genii.mp3;https://www.mann-ivanov-ferber.ru/books/moda-i-genii/
Камень Дуччо;Стефани Стори;399;https://www.mann-ivanov-ferber.ru/assets/media/files-2/kamen-duchcho/15-kamen-duchcho.mp3;https://www.mann-ivanov-ferber.ru/books/kamen-duchcho/
Сириус;Стефан Серван;324;https://www.mann-ivanov-ferber.ru/assets/media/files-2/sirius/024-sirius.mp3;https://www.mann-ivanov-ferber.ru/books/sirius/
Взаперти;Люси Кристофер;324;https://www.mann-ivanov-ferber.ru/assets/media/files-2/vzaperti/001-vzaperti.mp3;https://www.mann-ivanov-ferber.ru/books/vzaperti/
Беспокойные;Лиза Ко;324;https://www.mann-ivanov-ferber.ru/assets/media/files-2/bespokojnyie/18-bespokojnyie.mp3;https://www.mann-ivanov-ferber.ru/books/bespokojnyie/
Nordic Dads;Александр Фельдберг;399;https://www.mann-ivanov-ferber.ru/assets/media/files-2/nordic-dads/nordic.mp3;https://www.mann-ivanov-ferber.ru/books/nordic-dads/
Женщины Девятой улицы;Мэри Габриэль;399;https://www.mann-ivanov-ferber.ru/assets/media/files/zhenshhinyi-devyatoj-uliczyi/zhenshhinyi-devyatoj-uliczyi.mp3;https://www.mann-ivanov-ferber.ru/books/zhenshhinyi-devyatoj-uliczyi/
Сырок;Борис Александров;399;https://www.mann-ivanov-ferber.ru/assets/media/files-2/syrok/syrok-19.mp3;https://www.mann-ivanov-ferber.ru/books/syrok/
Уроки истории;Уилл Дюрант;399;https://www.mann-ivanov-ferber.ru/assets/media/files-2/uroki-istorii/uroki-istorii-07.mp3;https://www.mann-ivanov-ferber.ru/books/uroki-istorii/
Выбор;Эдит Ева Эгер;324;https://www.mann-ivanov-ferber.ru/assets/media/files-2/vyibor/vyibor-03.mp3;https://www.mann-ivanov-ferber.ru/books/vyibor/
Правила жизни и бизнеса;Игорь Манн;399;https://www.mann-ivanov-ferber.ru/assets/media/files-2/pravila-zhizni-i-biznesa/pravila-zhizni-i-biznesa-1.mp3;https://www.mann-ivanov-ferber.ru/books/pravila-zhizni-i-biznesa/
Здоровое питание каждый день;Рут Энн Карпентер;399;https://www.mann-ivanov-ferber.ru/assets/media/files-2/zdorovoe-pitanie-kazhdyj-den/zdorovoe-pitanie-kazhdyj-den.mp3;https://www.mann-ivanov-ferber.ru/books/zdorovoe-pitanie-kazhdyj-den/
Бизнес по чуть-чуть;Владимир Моженков;399;https://www.mann-ivanov-ferber.ru/assets/media/files-2/biznes-po-chut-chut/07biznes-po-chut-chut.mp3;https://www.mann-ivanov-ferber.ru/books/biznes-po-chut-chut/
Время, занятое жизнью;Урсула Ле Гуин;324;https://www.mann-ivanov-ferber.ru/assets/media/files-2/vremya-zanyatoe-zhiznyu/vremya-zanyatoe-zhiznyu-02.mp3;https://www.mann-ivanov-ferber.ru/books/vremya-zanyatoe-zhiznyu/
Вижу цель — иду к ней;Дарья Гейлер;399;https://www.mann-ivanov-ferber.ru/assets/media/files/vizhu-cel-idu-k-nej/001vizhu-cel-idu-k-nej.mp3;https://www.mann-ivanov-ferber.ru/books/vizhu-cel-idu-k-nej/
33+. Алфавит жизненных историй;Лариса Парфентьева;399;https://www.mann-ivanov-ferber.ru/assets/media/files/33-alfavit-zhiznennyh-istorij/003-alfavit-zhiznennyh-istorij.mp3;https://www.mann-ivanov-ferber.ru/books/33-alfavit-zhiznennyh-istorij/
О мой блог!;Анна Шуст;399;https://www.mann-ivanov-ferber.ru/assets/media/files/o-moj-blog/05-o-moj-blog.mp3;https://www.mann-ivanov-ferber.ru/books/o-moj-blog/
Любовь на всю жизнь;Харвилл Хендрикс и Хелен Хант;399;https://www.mann-ivanov-ferber.ru/assets/media/files/lyubov-na-vsyu-zhizn/lyubov-na-vsyu-zhizn-03.mp3;https://www.mann-ivanov-ferber.ru/books/lyubov-na-vsyu-zhizn/
Магия утра для высоких продаж;Хэл Элрод;399;https://www.mann-ivanov-ferber.ru/assets/media/files/magiya-utra-dlya-vyisokix-prodazh/magiya-utra-dlya-vyisokix-prodazh-001.mp3;https://www.mann-ivanov-ferber.ru/books/magiya-utra-dlya-vyisokix-prodazh/
HBR Guide. Стресс на работе;Harvard Business Review;399;https://www.mann-ivanov-ferber.ru/assets/media/files/hbr-guide-stress-na-rabote/hbr-guide-stress-na-rabote-01.mp3;https://www.mann-ivanov-ferber.ru/books/hbr-guide-stress-na-rabote/
Скандинавские мифы;Кэролин Ларрингтон;399;https://www.mann-ivanov-ferber.ru/assets/media/files/skandinavskie-mify/skandinavskie-mify-03.mp3;https://www.mann-ivanov-ferber.ru/books/skandinavskie-mify/
Основы Теории U;Отто Шармер;399;https://www.mann-ivanov-ferber.ru/assets/media/files/osnovy-teorii-u/osnovy-teorii-u-000.mp3;https://www.mann-ivanov-ferber.ru/books/osnovy-teorii-u/
Цифровой минимализм;Кэл Ньюпорт;399;https://www.mann-ivanov-ferber.ru/assets/media/files/czifrovoj-minimalizm/czifrovoj-minimalizm-03.mp3;https://www.mann-ivanov-ferber.ru/books/czifrovoj-minimalizm/
Путь бизнеса;Галия Бердникова;399;https://www.mann-ivanov-ferber.ru/assets/media/book-images/put-biznesa/put-biznesa-audio-1.mp3;https://www.mann-ivanov-ferber.ru/books/put-biznesa/
Своя комната;Вирджиния Вулф;324;https://www.mann-ivanov-ferber.ru/assets/media/files/svoya-komnata/svoya-komnata-audio-3.mp3;https://www.mann-ivanov-ferber.ru/books/svoya-komnata/
Семья что надо;Нина Зверева;399;https://www.mann-ivanov-ferber.ru/assets/media/files/semya-chto-nado/semya-chto-nado.mp3;https://www.mann-ivanov-ferber.ru/books/semya-chto-nado/
Внимание самому важному;Нин Джеймс;399;https://www.mann-ivanov-ferber.ru/assets/media/files-2/vnimanie-samomu-vazhnomu/vnimanie-samomu-vazhnomu.mp3;https://www.mann-ivanov-ferber.ru/books/vnimanie-samomu-vazhnomu/
Самодисциплина 2.0;Владимир Якуба;399;https://www.mann-ivanov-ferber.ru/assets/media/files/samodisciplina-20/samodisciplina-20-audio-2.mp3;https://www.mann-ivanov-ferber.ru/books/samodisciplina-20/
Хватит гадать!;Нэт Грин;399;https://www.mann-ivanov-ferber.ru/assets/media/files/hvatit-gadat/03-hvatit-gadat.mp3;https://www.mann-ivanov-ferber.ru/books/hvatit-gadat/
Слон;Питер Карнавас;319;not defined;https://www.mann-ivanov-ferber.ru/books/slon/
Операция «Шедевр»;Роберт Уиттман;399;not defined;https://www.mann-ivanov-ferber.ru/books/operaciya-shedevr/
Откровения оратора;Скотт Беркун;399;https://www.mann-ivanov-ferber.ru/assets/media/files/otkroveniya-oratora/otkroveniya-oratora-audio-3.mp3;https://www.mann-ivanov-ferber.ru/books/otkroveniya-oratora/
Год без покупок;Кейт Фландерс;399;not defined;https://www.mann-ivanov-ferber.ru/books/god-bez-pokupok/
Вопросы — это ответы;Хэл Грегерсен;399;https://www.mann-ivanov-ferber.ru/assets/media/files/voprosy-eto-otvety/000-1.mp3;https://www.mann-ivanov-ferber.ru/books/voprosy-eto-otvety/
Бояться, но делать;Брэндон Уэбб;399;not defined;https://www.mann-ivanov-ferber.ru/books/boyatsya-no-delat/
Магия утра для писателей;Хэл Элрод;399;not defined;https://www.mann-ivanov-ferber.ru/books/magiya-utra-dlya-pisatelej/
Книга зожника;Максим Кудеров;399;https://www.mann-ivanov-ferber.ru/assets/media/files/kniga-zozhnika/kniga-zozhnika-audio-1.mp3;https://www.mann-ivanov-ferber.ru/books/kniga-zozhnika/
Десять минут до дзена;Оуэн О'Кейн;399;not defined;https://www.mann-ivanov-ferber.ru/books/desyat-minut-do-dzena/
Беседы о счастье;Аркадий Панц;399;not defined;https://www.mann-ivanov-ferber.ru/books/besedy-o-schaste/
Дом, который построил семью;Кара Брукинс;399;https://www.mann-ivanov-ferber.ru/assets/media/files/dom-kotoryj-postroil-semyu/02-dom-kotoryj-postroil-semyu.mp3;https://www.mann-ivanov-ferber.ru/books/dom-kotoryj-postroil-semyu/
По большому счету;Евгения Письменная;399;not defined;https://www.mann-ivanov-ferber.ru/books/po-bolshomu-schetu/
Игра как жизнь;Ута Хаген;399;https://www.mann-ivanov-ferber.ru/assets/media/files/igra-kak-zhizn/igra-kak-zhizn-audio-3.mp3;https://www.mann-ivanov-ferber.ru/books/igra-kak-zhizn/
Бизнес на свои;Сергей Абдульманов;399;not defined;https://www.mann-ivanov-ferber.ru/books/biznes-na-svoi/
Магия утра для финансовой свободы;Хэл Элрод;399;not defined;https://www.mann-ivanov-ferber.ru/books/magiya-utra-dlya-finansovoj-svobody/
Не сходите с ума на работе;Джейсон Фрайд;324;not defined;https://www.mann-ivanov-ferber.ru/books/ne-shodite-s-uma-na-rabote/
Спасите котика!;Блейк Снайдер;319;https://www.mann-ivanov-ferber.ru/assets/files/audiobooks/spasite_kota_mp3/00_Vvedenie.mp3;https://www.mann-ivanov-ferber.ru/books/spasite-kotika/
Я ненавижу свою шею;Нора Эфрон;324;not defined;https://www.mann-ivanov-ferber.ru/books/ya-nenavizhu-svoyu-sheyu/
Встань и скажи;Нина Зверева;399;not defined;https://www.mann-ivanov-ferber.ru/books/vstan-i-skazhi/
Принцип ставок;Энни Дьюк;399;https://www.mann-ivanov-ferber.ru/assets/media/files/princip-stavok/princip-stavok-02.mp3;https://www.mann-ivanov-ferber.ru/books/princip-stavok/
Месяц на пределе;Джесси Ицлер;399;https://www.mann-ivanov-ferber.ru/assets/media/files/mesyac-na-predele/mesyac-na-predele-audio-4.mp3;https://www.mann-ivanov-ferber.ru/books/mesyac-na-predele/
Кролик, который хочет уснуть;Карл-Йохан Форссен Эрлин;279;not defined;https://www.mann-ivanov-ferber.ru/books/krolik-kotoryj-hochet-usnut/
Инкогнито;Дэвид Иглмен;399;https://www.mann-ivanov-ferber.ru/assets/files/bookparts-new2/inkognito/inkognito-1_audio.mp3;https://www.mann-ivanov-ferber.ru/books/inkognito/
Паша и папа говорят о животных;Сюзанна Вебер;319;https://www.mann-ivanov-ferber.ru/assets/media/files-2/pasha-i-papa-govoryat-o-zhivotnyh/pasha-i-papa-govoryat-o-zhivotnyh-06.mp3;https://www.mann-ivanov-ferber.ru/books/pasha-i-papa-govoryat-o-zhivotnyh/
Магия утра для влюбленных;Хэл Элрод;399;not defined;https://www.mann-ivanov-ferber.ru/books/magiya-utra-dlya-vlyublennyh/
HBR Guide. Эмоциональный интеллект;Harvard Business Review;399;https://www.mann-ivanov-ferber.ru/assets/media/files-2/hbr-guide/HBRguide.mp3;https://www.mann-ivanov-ferber.ru/books/hbr-guide/
Большой потенциал;Шон Эйкор;399;not defined;https://www.mann-ivanov-ferber.ru/books/bolshoj-potencial/
Помощь;Эдгар Г. Шейн;399;https://www.mann-ivanov-ferber.ru/assets/files/bookparts-new2/pomosh/pomosh-2-audio.mp3;https://www.mann-ivanov-ferber.ru/books/pomosh/
Говорить легко!;Кэрол Флеминг;399;https://www.mann-ivanov-ferber.ru/assets/files/bookparts-new2/govorit-legko/govorit-legko_audio.mp3;https://www.mann-ivanov-ferber.ru/books/govorit-legko/
Максимальный заряд;Том Рат;399;https://www.mann-ivanov-ferber.ru/assets/files/bookparts-new2/maksimalnyj-zaryad/maksimalnyj-zaryad-3-audio.mp3;https://www.mann-ivanov-ferber.ru/books/maksimalnyj-zaryad/
45 татуировок личности;Максим Батырев (Комбат);324;https://www.mann-ivanov-ferber.ru/assets/media/files-2/45-tatuirovok-lichnosti/45-tatuirovok-lichnosti.mp3;https://www.mann-ivanov-ferber.ru/books/45-tatuirovok-lichnosti/
Машина, платформа, толпа;Эндрю Макафи, Эрик Бриньолфсон;399;https://www.mann-ivanov-ferber.ru/assets/media/files-2/mashina-platforma-tolpa/mashina-platforma-tolpa.mp3;https://www.mann-ivanov-ferber.ru/books/mashina-platforma-tolpa/
Похищая огонь;Стивен Котлер;399;https://www.mann-ivanov-ferber.ru/assets/media/files-2/pohishaya-ogon/pohishaya-ogon.mp3;https://www.mann-ivanov-ferber.ru/books/pohishaya-ogon/
Магия утра для всей семьи;Хэл Элрод;399;not defined;https://www.mann-ivanov-ferber.ru/books/magiya-utra-dlya-vsej-semi/
Будет сделано!;Никита Маклахов;399;https://www.mann-ivanov-ferber.ru/assets/files/bookparts-new2/budet-sdelano/budet-sdelano-audio.mp3;https://www.mann-ivanov-ferber.ru/books/budet-sdelano/
Без стресса;Митху Сторони;399;https://www.mann-ivanov-ferber.ru/assets/files/bookparts-new2/bez-stressa/bez-stressa-9-audio.mp3;https://www.mann-ivanov-ferber.ru/books/bez-stressa/
Простые правила;Кэтлин Эйзенхардт;399;https://www.mann-ivanov-ferber.ru/assets/files/bookparts-new2/prostye-pravila/prostye-pravila-1-audio.mp3;https://www.mann-ivanov-ferber.ru/books/prostye-pravila/
Машина правды;Пол Винья;239;https://www.mann-ivanov-ferber.ru/assets/files/bookparts-new2/mashina-pravdyi/mashina-pravdyi.mp3;https://www.mann-ivanov-ferber.ru/books/mashina-pravdyi/
Строим доверие по методикам спецслужб;Робин Дрик;399;not defined;https://www.mann-ivanov-ferber.ru/books/stroim-doverie-po-metodikam-speczsluzhb/
Максимальная энергия;Триша Вулфри;399;https://www.mann-ivanov-ferber.ru/assets/files/bookparts-new2/maksimalnaya-energiya/Celi-i-prioritety-06.mp3;https://www.mann-ivanov-ferber.ru/books/maksimalnaya-energiya/
Миф о мотивации;Джефф Хейден;239;https://www.mann-ivanov-ferber.ru/assets/files/bookparts-new2/mif-o-motivaczii/01-mif-o-motivaczii.mp3;https://www.mann-ivanov-ferber.ru/books/mif-o-motivaczii/
Переход к голубому океану;Чан Ким;239;https://www.mann-ivanov-ferber.ru/assets/files/bookparts-new2/perexod-k-golubomu-okeanu/perexod-k-golubomu-okeanu_audio.mp3;https://www.mann-ivanov-ferber.ru/books/perexod-k-golubomu-okeanu/
Путь выдающихся людей;Брендон Берчард;239;https://www.mann-ivanov-ferber.ru/assets/files/bookparts-new2/put-vyidayushhixsya-lyudej/za-granju-estestvennogo.mp3;https://www.mann-ivanov-ferber.ru/books/put-vyidayushhixsya-lyudej/
Работа как внутренняя игра;Тимоти Голви;239;not defined;https://www.mann-ivanov-ferber.ru/books/rabota-kak-vnutrennyaya-igra/
Сила момента;Чип Хиз и Дэн Хиз;239;https://www.mann-ivanov-ferber.ru/assets/files/bookparts-new2/sila-momenta/sila-momenta_audio.mp3;https://www.mann-ivanov-ferber.ru/books/sila-momenta/
Личные границы;Дженни Миллер;399;not defined;https://www.mann-ivanov-ferber.ru/books/lichnyie-graniczyi/
Философия хорошей жизни;Рольф Добелли;399;https://www.mann-ivanov-ferber.ru/assets/files/bookparts-new2/filosofiya-xoroshej-zhizni/25-filosofiya-xoroshej-zhizni.mp3;https://www.mann-ivanov-ferber.ru/books/filosofiya-xoroshej-zhizni/
Спираль обучения;Митчел Резник;239;https://www.mann-ivanov-ferber.ru/assets/files/bookparts-new2/spiral-obucheniya/spiral-obucheniya-glava2.mp3;https://www.mann-ivanov-ferber.ru/books/spiral-obucheniya/
Лифт настроения;Ларри Сенн;399;https://www.mann-ivanov-ferber.ru/assets/files/bookparts-new2/lift-nastroeniya/02lift-nastroeniya.mp3;https://www.mann-ivanov-ferber.ru/books/lift-nastroeniya/
SuperBetter;Джейн Макгонигал;399;not defined;https://www.mann-ivanov-ferber.ru/books/superbetter/
И ботаники делают бизнес 1+2;Максим Котин;399;https://www.mann-ivanov-ferber.ru/assets/files/bookparts-new2/i_botaniki_delayut_biznes_2/04-i_botaniki_delayut_biznes_2.mp3;https://www.mann-ivanov-ferber.ru/books/i_botaniki_delayut_biznes_2/
Привычки на всю жизнь;Шон Янг;399;https://www.mann-ivanov-ferber.ru/assets/files/bookparts-new2/privyichki-na-vsyu-zhizn/privyichki-na-vsyu-zhizn.mp3;https://www.mann-ivanov-ferber.ru/books/privyichki-na-vsyu-zhizn/
Управляй гормонами счастья;Лоретта Грациано Бройнинг;399;https://www.mann-ivanov-ferber.ru/assets/files/bookparts-new2/upravlyaj_gormonami_schastya/02upravlyaj_gormonami_schastya.mp3;https://www.mann-ivanov-ferber.ru/books/upravlyaj_gormonami_schastya/
Паша и папа в дороге;Сюзанна Вебер;319;https://www.mann-ivanov-ferber.ru/assets/files/bookparts-new/pasha-i-papa-v-doroge/02pasha-i-papa-v-doroge.mp3;https://www.mann-ivanov-ferber.ru/books/pasha-i-papa-v-doroge/
Обними меня крепче;Сью Джонсон;324;https://www.mann-ivanov-ferber.ru/assets/media/files/obnimi-menya-krepche/001-02-obnimi-menya-krepche.mp3;https://www.mann-ivanov-ferber.ru/books/obnimi-menya-krepche/
Коучинг agile-команд;Лисса Адкинс;399;https://www.mann-ivanov-ferber.ru/assets/files/bookparts-new/kouching-agile-komand/Kouching%20agile-komand.mp3;https://www.mann-ivanov-ferber.ru/books/kouching-agile-komand/
Правила жизни Брюса Ли;Брюс Ли;239;https://www.mann-ivanov-ferber.ru/assets/files/bookparts-new2/pravila-zhizni-bryusa-li/06pravila-zhizni-bryusa-li.mp3;https://www.mann-ivanov-ferber.ru/books/pravila-zhizni-bryusa-li/
100 способов изменить жизнь. Часть вторая;Лариса Парфентьева;399;https://www.mann-ivanov-ferber.ru/assets/files/bookparts-new/100-sposobov-izmenit-zhizn-chast-vtoraya/01-100-sposobov-izmenit-zhizn-chast-vtoraya.mp3;https://www.mann-ivanov-ferber.ru/books/100-sposobov-izmenit-zhizn-chast-vtoraya/
Бережливое производство + шесть сигм в сфере услуг;Майкл Джордж;399;not defined;https://www.mann-ivanov-ferber.ru/books/paperbook/berelivoe/
Бизнесхак на каждый день;Игорь Манн;399;https://www.mann-ivanov-ferber.ru/assets/files/bookparts-new/biznesxak-na-kazhdyij-den/03-biznesxak-na-kazhdyij-den.mp3;https://www.mann-ivanov-ferber.ru/books/biznesxak-na-kazhdyij-den/
Как разговаривать с мудаками;Марк Гоулстон;399;https://www.mann-ivanov-ferber.ru/assets/files/bookparts-new/kak-razgovarivat-s-mudakami/kak-razgovarivat-s-mudakami.mp3;https://www.mann-ivanov-ferber.ru/books/kak-razgovarivat-s-mudakami/
Лидер и племя;Дэйв Логан;399;https://www.mann-ivanov-ferber.ru/assets/files/bookparts-new2/lider-i-plemya/lider-i-plemya-audio.mp3;https://www.mann-ivanov-ferber.ru/books/lider-i-plemya/
Евангелист бизнеса;Сергей Абдульманов;399;not defined;https://www.mann-ivanov-ferber.ru/books/evangelist-biznesa/
Парадокс страсти;Дин Делис;399;https://www.mann-ivanov-ferber.ru/assets/files/audiobooks/paradoks-strasti/03_v-poiskah-garmonii.mp3;https://www.mann-ivanov-ferber.ru/books/paradoks-strasti/
Новые размышления о личном развитии;Ицхак Адизес;399;https://www.mann-ivanov-ferber.ru/assets/files/bookparts/novye-razmyshleniya-o-lichnom-razvitii/Novie_razmishleniya_o_lichnom_razvitii.mp3;https://www.mann-ivanov-ferber.ru/books/novye-razmyshleniya-o-lichnom-razvitii/
О чем мечтать;Барбара Шер;399;https://www.mann-ivanov-ferber.ru/assets/media/files-2/o-chem-mechtat/o-chem-mechtat.mp3;https://www.mann-ivanov-ferber.ru/books/i_could_do_anything/
Размышления о личном развитии;Ицхак Адизес;399;https://www.mann-ivanov-ferber.ru/assets/files/bookparts/novye-razmyshleniya-o-lichnom-razvitii/razmyshleniya-o-lichnom-razvitii.mp3;https://www.mann-ivanov-ferber.ru/books/razmyshleniya_o_lichnom_razvitii/
Мечтать не вредно;Барбара Шер;399;https://www.mann-ivanov-ferber.ru/assets/files/bookparts/i-could-do-anything/Mechtat%20ne%20vredno.mp3;https://www.mann-ivanov-ferber.ru/books/mechtat_ne_vredno/
Важные годы;Мэг Джей;399;https://www.mann-ivanov-ferber.ru/assets/files/bookparts/opredelyayushhie_10_let/Vazhnie_godi.mp3;https://www.mann-ivanov-ferber.ru/books/opredelyayushhie_10_let/
Правила мозга;Джон Медина;319;https://www.mann-ivanov-ferber.ru/assets/files/audiobooks/pravila_mozga/00_Vstuplenie_pravila_mozga.mp3;https://www.mann-ivanov-ferber.ru/books/pravila_mozga/
Remote. Офис не обязателен;Джейсон Фрайд;319;https://www.mann-ivanov-ferber.ru/assets/files/audiobooks/remote-office-not-required/01_Glava%201.%20Prishlo%20vremia%20udalennoi%20raboty.mp3;https://www.mann-ivanov-ferber.ru/books/paperbook/remote-office-not-required/
К черту все! Берись и делай!;Ричард Брэнсон;399;not defined;https://www.mann-ivanov-ferber.ru/books/k_chertu_vse/
Потешки и пестушки;not defined;239;https://www.mann-ivanov-ferber.ru/assets/files/audiobooks/tales/01prosypaemsya.mp3;https://www.mann-ivanov-ferber.ru/books/children/tales/
Умение слушать;Бернард Феррари;319;https://www.mann-ivanov-ferber.ru/assets/files/audiobooks/power_listening_mp3/02_Vvedenie.mp3;https://www.mann-ivanov-ferber.ru/books/mif/oower-listening/
Сердце компании;Патрик Ленсиони;399;https://www.mann-ivanov-ferber.ru/assets/files/bookparts/advantage/serdce_kompanii.mp3;https://www.mann-ivanov-ferber.ru/books/paperbook/advantage/
Харизма лидера;Радислав Гандапас;456;https://www.mann-ivanov-ferber.ru/assets/files/audiobooks/charismatic_leader_mp3/vstuplenie.mp3;https://www.mann-ivanov-ferber.ru/books/secrets_of_the_great/charismatic-leader/
Школа Зоков и Бады;Ирина и Леонид Тюхтяевы;280;https://www.mann-ivanov-ferber.ru/assets/files/audiobooks/schkola-zokov-i-badi-mp3/1.mp3;https://www.mann-ivanov-ferber.ru/books/children/schkola-zokov-i-badi/
Отношение определяет результат;Дов Сайдман;399;https://www.mann-ivanov-ferber.ru/assets/files/bookparts/how/how.mp3;https://www.mann-ivanov-ferber.ru/books/paperbook/how/
Бизнес в стиле Virgin;Ричард Брэнсон;399;not defined;https://www.mann-ivanov-ferber.ru/books/paperbook/virgin/
Слон на танцполе;Евгений Карасюк;456;https://www.mann-ivanov-ferber.ru/assets/images/content/books/audio/slon-mp3/000_foreword.mp3;https://www.mann-ivanov-ferber.ru/books/paperbook/slon/
Как гибнут великие;Джим Коллинз;456;https://www.mann-ivanov-ferber.ru/assets/images/content/books/audio/how-the-mighty-fall_mp3/m00.mp3;https://www.mann-ivanov-ferber.ru/books/paperbook/how-the-mighty-fall_1/
Новая цель;Ди Джейкоб;359;https://www.mann-ivanov-ferber.ru/assets/files/bookparts/velcty/velcty.mp3;https://www.mann-ivanov-ferber.ru/books/biznesroman/velcty/
Гении и аутсайдеры;Малкольм Гладуэлл;360;https://www.mann-ivanov-ferber.ru/assets/files/bookparts/the-story-of-succes-mp3/vvedenie.mp3;https://www.mann-ivanov-ferber.ru/books/paperbook/story-succes/
Выбор сильнейших;Клаудио Фернандес Араос;399;not defined;https://www.mann-ivanov-ferber.ru/books/mif/greatpeopledecisions/
Афоризмы о пути к успеху (mp3);not defined;280;https://www.mann-ivanov-ferber.ru/assets/files/bookparts/009a/track9.mp3;https://www.mann-ivanov-ferber.ru/books/audio/009a/
Построенные навечно;Джим Коллинз;456;https://www.mann-ivanov-ferber.ru/assets/files/audiobooks/built_to_last_11CD/2.mp3;https://www.mann-ivanov-ferber.ru/books/sse/built-last/
Пятничный менеджер;not defined;336;https://www.mann-ivanov-ferber.ru/assets/files/bookparts/005a/01.mp3;https://www.mann-ivanov-ferber.ru/books/mif/021/
